Date,Symbol,Category,Price,PctChange,Volatility%,Volume
2026-06-08,SOXL,High Volatility,182.08,-30.72,22.23,1637815
2026-06-08,SOXS,High Volatility,6.85,31.48,17.95,23490256
2026-06-08,TSLL,High Volatility,12.69,-13.29,16.86,1331610
2026-06-08,MRVL,Big Mover %,263.46,-16.75,13.12,1913297
2026-06-08,BITO,Most Active,8.21,-5.14,4.97,20852695
2026-06-08,INTC,Mid-Priced,98.97,-11.46,7.59,6672243
2026-06-08,IBIT,Mid-Priced,34.15,-5.17,5.12,6488953
2026-06-09,KEEL,High Volatility,5.65,10.24,10.21,2668706
2026-06-09,MRVL,High Volatility,288.77,9.60,8.15,2374274
2026-06-09,INTC,High Volatility,110.18,11.33,5.29,5120405
2026-06-09,NOK,Most Active,14.60,1.71,4.09,5037603
2026-06-09,SQQQ,Mid-Priced,41.25,-4.49,4.41,1971358
2026-06-09,TQQQ,Mid-Priced,76.28,4.51,4.03,1369863
2026-06-10,SOXS,High Volatility,5.92,4.68,37.21,38202753
2026-06-10,SNDQ,High Volatility,5.85,-0.76,33.42,1360567
2026-06-10,SOXL,High Volatility,201.64,-4.50,32.22,1905655
2026-06-10,MRVL,Big Mover %,266.62,-7.67,19.29,2075439
2026-06-10,TSLL,Big Mover %,13.03,-5.85,16.44,1600722
2026-06-10,NOK,Big Mover %,13.86,-5.04,9.81,10146922
2026-06-10,DRAM,Mid-Priced,59.78,-1.22,12.83,3033644
2026-06-10,SQQQ,Mid-Priced,42.66,3.42,16.90,3023652
2026-06-11,SOXL,High Volatility,180.06,-10.70,18.61,1426858
2026-06-11,SOXS,High Volatility,6.58,11.05,16.84,32243771
2026-06-11,TQQQ,High Volatility,69.33,-5.92,7.94,1202356
2026-06-11,NVD,Big Mover %,5.26,7.45,5.91,3570742
2026-06-11,INTC,Most Active,106.99,-0.96,6.18,6583098
2026-06-11,SQQQ,Mid-Priced,45.25,6.07,7.47,2267972
2026-06-12,RDW,High Volatility,17.09,14.93,17.20,2640053
2026-06-12,SMCI,High Volatility,31.96,9.23,11.68,6826862
2026-06-12,SQQQ,High Volatility,40.76,-9.92,10.27,3617410
2026-06-12,CPNG,Big Mover %,17.27,14.22,9.04,4448968
2026-06-12,NOK,Most Active,14.10,5.38,5.69,7128579
2026-06-15,RKLB,High Volatility,102.42,-10.68,15.10,1241157
2026-06-15,RDW,High Volatility,15.12,-11.53,10.62,1874653
2026-06-15,INTC,High Volatility,124.55,6.48,10.41,5901388
2026-06-15,NVD,Most Active,5.03,-0.30,3.37,7161018
2026-06-15,NOK,Most Active,14.78,4.82,5.82,6631685
2026-06-15,SMCI,Mid-Priced,30.45,-4.72,7.55,3043432
2026-06-15,SQQQ,Mid-Priced,39.98,-1.91,5.32,1157322
2026-06-16,MRVL,High Volatility,308.90,10.44,8.27,1205721
2026-06-16,ONDS,High Volatility,9.52,1.93,5.38,1247134
2026-06-16,ACHR,High Volatility,5.55,9.04,5.24,1273948
2026-06-16,SQQQ,Big Mover %,36.32,-9.15,3.25,1155793
2026-06-16,NOK,Most Active,14.83,0.34,4.31,7686410
2026-06-16,AAL,Most Active,15.46,3.34,4.46,5371410
2026-06-16,SMCI,Mid-Priced,30.86,1.35,4.23,2528089
2026-06-17,SPCX,High Volatility,201.89,4.95,15.16,8274310
2026-06-17,SNAP,High Volatility,5.16,-9.88,14.51,5955081
2026-06-17,KEEL,High Volatility,5.95,5.22,13.90,1435458
2026-06-17,MRVL,Big Mover %,278.55,-9.83,12.81,1657186
2026-06-17,INTC,Big Mover %,117.05,-8.45,9.36,3981697
2026-06-17,NOK,Most Active,13.97,-5.77,7.00,8175638
2026-06-17,NFLX,Mid-Priced,78.74,-3.60,5.13,4399189
2026-06-23,MARA,High Volatility,14.85,4.36,13.19,2863109
2026-06-23,KEEL,High Volatility,6.65,6.06,11.66,1957497
2026-06-23,TSLL,High Volatility,13.45,2.20,10.40,1369347
2026-06-23,NOK,Big Mover %,14.45,7.12,5.38,5735738
2026-06-23,PLTR,Big Mover %,119.46,-6.99,7.63,1366057
2026-06-23,NFLX,Most Active,72.88,-5.75,6.93,6080917
2026-06-24,KEEL,High Volatility,6.58,-0.98,13.41,1417071
2026-06-24,SPCX,High Volatility,156.05,0.97,12.16,5665291
2026-06-24,INTC,High Volatility,132.25,-6.20,7.29,2311489
2026-06-24,DRAM,Big Mover %,69.44,-14.00,6.40,2719278
2026-06-24,SQQQ,Big Mover %,40.59,9.99,4.17,1567276
2026-06-24,NVD,Big Mover %,5.22,8.30,3.13,9636640
2026-06-24,T,Mid-Priced,22.82,3.30,3.51,4577720
2026-06-25,KEEL,High Volatility,6.12,-7.14,14.99,2464813
2026-06-25,RKT,High Volatility,14.72,9.36,10.39,2741948
2026-06-25,ONDS,High Volatility,7.67,-10.13,9.85,1934788
2026-06-25,AAL,Big Mover %,17.43,8.09,6.07,4063195
2026-06-25,BITO,Most Active,8.13,-4.07,4.90,20685705
2026-06-25,NVD,Most Active,5.28,1.15,4.79,12817871
2026-06-25,PFE,Mid-Priced,24.05,-2.71,4.75,4643179
2026-06-25,IBIT,Mid-Priced,33.89,-3.99,4.89,4538807
2026-06-26,WEN,High Volatility,7.33,-6.74,21.43,2342893
2026-06-26,INTC,High Volatility,132.94,0.82,10.90,3363670
2026-06-26,SQQQ,High Volatility,39.60,-2.08,9.41,1286816
2026-06-26,DRAM,Big Mover %,77.08,10.23,7.68,3327599
2026-06-26,AAPL,Big Mover %,275.21,-6.17,5.18,5858472
2026-06-26,BITO,Most Active,8.04,-1.11,4.83,22315947
2026-06-26,NVD,Most Active,5.46,3.31,7.90,10987030
2026-06-26,IBIT,Mid-Priced,33.51,-1.12,5.22,4194056
2026-06-29,WEN,High Volatility,7.80,6.41,13.91,1804156
2026-06-29,KEEL,High Volatility,5.99,2.22,11.21,1472785
2026-06-29,NWL,High Volatility,5.87,-0.51,8.73,1958769
2026-06-29,NOK,Big Mover %,13.00,-6.84,4.63,9644937
2026-06-29,MSFT,Big Mover %,371.67,5.46,5.92,2989666
2026-06-29,NVD,Most Active,5.68,4.12,3.74,10775393
2026-06-29,NFLX,Mid-Priced,73.63,3.82,5.11,4786429
2026-06-29,TQQQ,Mid-Priced,71.60,-4.27,5.42,1107916
2026-06-30,SMCI,High Volatility,28.15,-8.11,11.06,4337353
2026-06-30,CMCSA,High Volatility,24.20,4.58,10.61,7299777
2026-06-30,INTC,High Volatility,131.69,3.14,10.53,1926340
2026-06-30,TSLA,Big Mover %,411.69,8.62,8.88,1151588
2026-06-30,TQQQ,Big Mover %,77.24,7.88,7.96,1043082
2026-06-30,NVD,Most Active,5.49,-3.35,6.24,8214923
2026-06-30,T,Mid-Priced,21.79,-4.01,5.04,4393330
2026-07-01,QXO,High Volatility,17.31,-2.97,12.24,6551062
2026-07-01,TSLL,High Volatility,14.18,4.15,9.06,1666039
2026-07-01,INTC,High Volatility,139.55,5.97,8.11,2068429
2026-07-01,NVD,Big Mover %,5.21,-5.10,5.59,7100102
2026-07-01,T,Big Mover %,20.68,-5.05,5.36,7148561
2026-07-01,VZ,Mid-Priced,42.32,-3.98,5.33,5105936
2026-07-02,SPCX,High Volatility,157.69,-7.62,9.07,4055914
2026-07-02,NKE,High Volatility,43.13,5.07,7.53,5023364
2026-07-02,PLTD,High Volatility,8.18,-7.57,7.33,4525501
2026-07-02,CRWV,Big Mover %,85.69,-13.88,5.89,2257107
2026-07-02,DRAM,Big Mover %,65.89,-10.69,4.25,2979964
2026-07-02,INTC,Big Mover %,127.08,-8.94,6.67,2958019
2026-07-02,BITO,Most Active,8.14,2.07,3.27,23857140
2026-07-02,NVD,Most Active,5.33,2.30,5.91,8715639
2026-07-03,ONDS,High Volatility,7.41,-6.56,13.53,2067608
2026-07-03,IREN,High Volatility,38.83,-10.43,13.43,2066747
2026-07-03,RIVN,High Volatility,18.62,8.51,10.96,3419663
2026-07-03,DRAM,Big Mover %,60.74,-7.82,10.62,3966783
2026-07-03,T,Most Active,20.57,0.37,5.24,7859169
2026-07-03,NVDA,Most Active,194.51,-1.53,3.91,5880254
2026-07-03,VZ,Mid-Priced,42.55,1.30,5.43,5624402
2026-07-06,ONDS,High Volatility,7.41,-6.56,13.53,2067608
2026-07-06,IREN,High Volatility,38.83,-10.43,13.43,2066747
2026-07-06,RIVN,High Volatility,18.62,8.51,10.96,3419663
2026-07-06,DRAM,Big Mover %,60.74,-7.82,10.62,3966783
2026-07-06,T,Most Active,20.57,0.37,5.24,7859169
2026-07-06,NVDA,Most Active,194.51,-1.53,3.91,5880254
2026-07-06,VZ,Mid-Priced,42.55,1.30,5.43,5624402
2026-07-07,WULF,High Volatility,22.20,4.82,12.52,3386344
2026-07-07,JOBY,High Volatility,8.92,5.06,12.07,1342489
2026-07-07,OPEN,High Volatility,5.08,3.15,9.61,3357309
2026-07-07,IREN,Big Mover %,43.86,12.95,7.59,1922602
2026-07-07,TSLA,Big Mover %,419.79,6.87,7.40,1254887
2026-07-07,ONDS,Big Mover %,7.81,5.40,6.95,1150539
2026-07-07,BITO,Most Active,8.64,3.54,4.32,39753328
2026-07-07,T,Most Active,20.59,0.05,3.05,5431035
2026-07-08,NVD,High Volatility,5.07,-5.76,8.41,6482456
2026-07-08,QXO,High Volatility,14.21,-6.85,8.02,2799284
2026-07-08,RIVN,High Volatility,16.59,0.61,7.95,4468651
2026-07-08,AAL,Big Mover %,16.55,-3.78,4.46,4171998
2026-07-08,DRAM,Mid-Priced,60.80,0.35,4.79,1492822
2026-07-09,SMCI,High Volatility,28.86,8.07,8.32,1674183
2026-07-09,DRAM,High Volatility,65.38,6.09,6.19,2785688
2026-07-09,INTC,High Volatility,116.27,1.82,5.58,2801793
2026-07-09,NVDA,Big Mover %,201.79,4.53,5.07,5480997
2026-07-09,NOK,Most Active,12.59,2.06,3.30,4010017
2026-07-10,MARA,High Volatility,13.20,9.91,13.80,3341633
2026-07-10,OPEN,High Volatility,5.28,10.23,13.42,2716770
2026-07-10,RIVN,High Volatility,18.13,8.89,10.96,4108252
2026-07-10,NOK,Most Active,12.91,8.49,5.91,6725891
2026-07-10,NVD,Most Active,5.05,1.51,5.23,6394663
2026-07-10,WULF,Mid-Priced,23.22,1.73,6.50,2753588
2026-07-10,TQQQ,Mid-Priced,76.26,2.70,4.82,1116238
2026-07-13,FRMI,High Volatility,6.59,-10.10,11.77,3592101
2026-07-13,MARA,High Volatility,12.60,-4.58,9.92,1487435
2026-07-13,ONDS,High Volatility,7.28,-4.96,6.67,1284216
2026-07-13,NVDA,Most Active,210.99,4.09,4.41,7548841
2026-07-13,NFLX,Mid-Priced,73.38,-2.76,4.00,2684432
2026-07-13,DRAM,Mid-Priced,63.07,-1.97,3.89,2510603
2026-07-14,TSLL,High Volatility,12.27,-6.37,6.89,1393224
2026-07-14,SOFI,High Volatility,18.14,-3.48,6.24,2610037
2026-07-14,ONDS,High Volatility,6.97,-4.19,5.76,2320048
2026-07-14,DRAM,Big Mover %,57.22,-9.28,3.82,2436954
2026-07-14,ORCL,Big Mover %,131.68,-6.39,5.70,1787015
2026-07-14,NOK,Most Active,11.67,-6.04,5.16,7486052
2026-07-14,INTC,Most Active,103.03,-6.21,4.09,4249370
2026-07-14,SQQQ,Mid-Priced,39.92,5.69,3.49,1401688
2026-07-15,CLSK,High Volatility,13.42,8.44,15.55,3291820
2026-07-15,WULF,High Volatility,19.41,-7.13,11.01,3565353
2026-07-15,PLTR,High Volatility,133.73,2.82,10.57,1326665
2026-07-15,BMNR,Big Mover %,16.29,11.46,6.18,1427952
2026-07-15,NOK,Most Active,11.70,0.26,3.76,6456688
2026-07-15,NU,Most Active,13.98,2.12,3.82,4424172
2026-07-15,BAC,Mid-Priced,60.63,1.83,4.24,3183259
2026-07-15,DRAM,Mid-Priced,61.21,6.98,4.33,3014558
2026-07-16,SOXS,High Volatility,45.96,8.04,12.81,17414821
2026-07-16,TE,High Volatility,6.65,-2.92,11.72,1533492
2026-07-16,SKHY,High Volatility,176.43,-9.01,11.68,2472241
2026-07-16,DRAM,Big Mover %,57.37,-6.28,9.39,3198025
2026-07-16,NOK,Most Active,11.24,-3.89,9.98,9889585
2026-07-17,SKHY,High Volatility,152.75,-13.42,10.08,1839027
2026-07-17,JOBY,High Volatility,7.33,-2.70,6.78,1430867
2026-07-17,INTC,High Volatility,97.01,-5.81,6.27,3122760
2026-07-17,DRAM,Big Mover %,52.41,-8.64,5.22,5281825
2026-07-17,NOK,Big Mover %,10.38,-7.69,5.89,8732744
2026-07-20,SNXX,High Volatility,13.21,-8.23,26.23,1070171
2026-07-20,SOXL,High Volatility,135.11,-5.31,22.22,1212375
2026-07-20,SOXS,High Volatility,54.99,5.54,17.45,1218018
2026-07-20,NFLX,Big Mover %,68.87,-7.66,6.71,8231874
2026-07-20,BITO,Most Active,8.70,-0.17,3.05,62081671
2026-07-20,DRAM,Mid-Priced,52.63,0.41,13.55,5588627
2026-07-21,SNXX,High Volatility,13.89,-1.67,26.23,1070171
2026-07-21,SOXL,High Volatility,136.86,8.25,22.22,1212375
2026-07-21,SOXS,High Volatility,54.03,-6.02,17.45,1218018
2026-07-21,MARA,Big Mover %,11.66,8.97,8.37,2203915
2026-07-21,TSLG,Most Active,5.32,-5.84,8.52,5844269
2026-07-21,NU,Most Active,13.98,2.94,4.48,4279596
2026-07-21,INTC,Mid-Priced,97.07,2.15,4.15,2663458
2026-07-21,DRAM,Mid-Priced,53.11,0.92,4.17,1735259
2026-07-22,ONDS,High Volatility,7.67,11.48,12.84,2596589
2026-07-22,SNDQ,High Volatility,28.57,2.83,12.34,2330079
2026-07-22,MARA,High Volatility,12.23,4.93,7.87,2033178
2026-07-22,DRAM,Big Mover %,58.81,10.73,5.07,3079371
2026-07-22,INTC,Big Mover %,105.40,8.58,4.74,3192488
2026-07-22,NU,Most Active,14.38,2.82,3.93,5399976
2026-07-22,T,Most Active,22.27,1.30,3.08,4200695
2026-07-23,PATH,High Volatility,10.71,-11.01,13.37,3236154
2026-07-23,ONDS,High Volatility,8.01,4.37,10.65,2851899
2026-07-23,SPCX,High Volatility,115.26,-6.65,7.76,2061235
2026-07-23,NOW,Big Mover %,95.45,-6.46,6.25,1368669
2026-07-23,T,Most Active,23.05,3.46,3.82,7486280
2026-07-23,NVDA,Most Active,212.07,2.33,4.56,5839269
2026-07-23,NFLX,Mid-Priced,68.53,-0.14,3.18,2854741
2026-07-24,QS,High Volatility,5.11,-12.95,13.64,2950016
2026-07-24,CMCSA,High Volatility,21.93,-6.88,8.70,2779915
2026-07-24,MARA,High Volatility,12.76,2.90,8.48,1648506
2026-07-24,TSLA,Big Mover %,319.56,-14.60,7.69,3034648
2026-07-24,AAL,Big Mover %,13.55,-8.01,5.93,3525401
2026-07-24,NOK,Most Active,9.72,-5.63,6.54,11068712
2026-07-24,T,Most Active,22.94,-0.46,3.48,5365603
2026-07-24,SMCI,Mid-Priced,31.22,2.19,7.75,3795156
2026-07-27,SOXL,High Volatility,136.99,-12.97,14.41,1628191
2026-07-27,SOXS,High Volatility,51.63,13.12,13.52,1074629
2026-07-27,INTC,High Volatility,92.37,-7.68,10.07,5557622
2026-07-27,CLF,Big Mover %,11.93,9.05,8.99,2734012
2026-07-27,NOK,Most Active,9.07,-6.69,7.00,9005319
2026-07-27,T,Mid-Priced,24.11,5.12,4.71,5299356
